<?xml version="1.0"?>
<doc>
    <assembly>
        <name>Microsoft.AspNet.SignalR.Redis</name>
    </assembly>
    <members>
        <member name="M:Microsoft.AspNet.SignalR.DependencyResolverExtensions.UseRedis(Microsoft.AspNet.SignalR.IDependencyResolver,System.String,System.Int32,System.String,System.String)">
            <summary>
            Use Redis as the messaging backplane for scaling out of ASP.NET SignalR applications in a web farm.
            </summary>
            <param name="resolver">The dependency resolver.</param>
            <param name="server">The Redis server address.</param>
            <param name="port">The Redis server port.</param>
            <param name="password">The Redis server password.</param>
            <param name="eventKey">The Redis event key to use.</param>
            <returns>The dependency resolver.</returns>
        </member>
        <member name="M:Microsoft.AspNet.SignalR.DependencyResolverExtensions.UseRedis(Microsoft.AspNet.SignalR.IDependencyResolver,Microsoft.AspNet.SignalR.RedisScaleoutConfiguration)">
            <summary>
            Use Redis as the messaging backplane for scaling out of ASP.NET SignalR applications in a web farm.
            </summary>
            <param name="resolver">The dependency resolver</param>
            <param name="configuration">The Redis scale-out configuration options.</param> 
            <returns>The dependency resolver.</returns>
        </member>
        <member name="T:Microsoft.AspNet.SignalR.Redis.RedisMessageBus">
            <summary>
            Uses Redis pub-sub to scale-out SignalR applications in web farms.
            </summary>
        </member>
        <member name="T:Microsoft.AspNet.SignalR.RedisScaleoutConfiguration">
            <summary>
            Settings for the Redis scale-out message bus implementation.
            </summary>
        </member>
        <member name="P:Microsoft.AspNet.SignalR.RedisScaleoutConfiguration.Database">
            <summary>
            The Redis database instance to use.
            Defaults to 0.
            </summary>
        </member>
        <member name="P:Microsoft.AspNet.SignalR.RedisScaleoutConfiguration.EventKey">
            <summary>
            The Redis event key to use.
            </summary>
        </member>
    </members>
</doc>
